From;To
https://moneyman.ru/bystrodengi/;https://moneyman.ru/mfo/bystrodengi/
https://moneyman.ru/tsentrofinans/;https://moneyman.ru/mfo/tsentrofinans/
https://moneyman.ru/dengi-na-dom/;https://moneyman.ru/mfo/dengi-na-dom/
https://moneyman.ru/lovi-zajm/;https://moneyman.ru/mfo/lovi-zajm/
https://moneyman.ru/do-zarplaty/;https://moneyman.ru/mfo/do-zarplaty/
https://moneyman.ru/turbozajm/;https://moneyman.ru/mfo/turbozajm/
https://moneyman.ru/russkie-dengi/;https://moneyman.ru/mfo/russkie-dengi/
https://moneyman.ru/rubl-ru/;https://moneyman.ru/mfo/rubl-ru/
https://moneyman.ru/greenmoney/;https://moneyman.ru/mfo/greenmoney/
https://moneyman.ru/vremya-zajma/;https://moneyman.ru/mfo/vremya-zajma/
https://moneyman.ru/oneclickmoney/;https://moneyman.ru/mfo/oneclickmoney/
https://moneyman.ru/simplefinance/;https://moneyman.ru/mfo/simplefinance/
https://moneyman.ru/platiza/;https://moneyman.ru/mfo/platiza/
https://moneyman.ru/mokka/;https://moneyman.ru/mfo/mokka/
https://moneyman.ru/creditter/;https://moneyman.ru/mfo/creditter/
https://moneyman.ru/joymoney/;https://moneyman.ru/mfo/joymoney/
https://moneyman.ru/mikroklad/;https://moneyman.ru/mfo/mikroklad/
https://moneyman.ru/sitimani/;https://moneyman.ru/mfo/sitimani/
https://moneyman.ru/favorit-zajmov/;https://moneyman.ru/mfo/favorit-zajmov/
https://moneyman.ru/agentstvo-yanao-moj-biznes/;https://moneyman.ru/mfo/agentstvo-yanao-moj-biznes/
https://moneyman.ru/ooo-mkk-glavnaya-finansovaya-kompaniya/;https://moneyman.ru/mfo/ooo-mkk-glavnaya-finansovaya-kompaniya/
https://moneyman.ru/dengi-v-srok/;https://moneyman.ru/mfo/dengi-v-srok/
https://moneyman.ru/mkk-kassa-1/;https://moneyman.ru/mfo/mkk-kassa-1/
https://moneyman.ru/fastmoney/;https://moneyman.ru/mfo/fastmoney/
https://moneyman.ru/ooo-mkk-dengi-sejchas/;https://moneyman.ru/mfo/ooo-mkk-dengi-sejchas/
https://moneyman.ru/ooo-mkk-mikszajm/;https://moneyman.ru/mfo/ooo-mkk-mikszajm/
https://moneyman.ru/mikrokreditnaya-kompaniya-dlya-subektov-malogo-i-srednego-predprinimatelstva-nizhegorodskoj-oblasti/;https://moneyman.ru/mfo/mikrokreditnaya-kompaniya-dlya-subektov-malogo-i-srednego-predprinimatelstva-nizhegorodskoj-oblasti/
https://moneyman.ru/mfo-zajm-garant/;https://moneyman.ru/mfo/mfo-zajm-garant/
https://moneyman.ru/servis-max-credit/;https://moneyman.ru/mfo/servis-max-credit/
https://moneyman.ru/omskij-regionalnyj-fond-mikrofinansirovaniya/;https://moneyman.ru/mfo/omskij-regionalnyj-fond-mikrofinansirovaniya/
https://moneyman.ru/003-skoraya-finansovaya-pomoshh-vydacha-zajmov-bez-zaloga-i-poruchitelej/;https://moneyman.ru/mfo/003-skoraya-finansovaya-pomoshh-vydacha-zajmov-bez-zaloga-i-poruchitelej/
https://moneyman.ru/garantijnaya-mikrokreditnaya-kompaniya-poruchitel/;https://moneyman.ru/mfo/garantijnaya-mikrokreditnaya-kompaniya-poruchitel/
https://moneyman.ru/kompaniya-nadyozhnyj-zajm/;https://moneyman.ru/mfo/kompaniya-nadyozhnyj-zajm/
https://moneyman.ru/ivanovskij-gosudarstvennyj-fond-podderzhki-malogo-predprinimatelstva/;https://moneyman.ru/mfo/ivanovskij-gosudarstvennyj-fond-podderzhki-malogo-predprinimatelstva/
https://moneyman.ru/ao-kb-pojdem/;https://moneyman.ru/mfo/ao-kb-pojdem/
https://moneyman.ru/fond-po-sodejstviyu-kreditovaniyu-subektov-malogo-i-srednego-predprinimatelstva-respubliki-kareliya/;https://moneyman.ru/mfo/fond-po-sodejstviyu-kreditovaniyu-subektov-malogo-i-srednego-predprinimatelstva-respubliki-kareliya/
https://moneyman.ru/mfo-novosibirskij-oblastnoj-fond-mikrofinansirovaniya-subektov-malogo-i-srednego-predprinimatelstva/;https://moneyman.ru/mfo/mfo-novosibirskij-oblastnoj-fond-mikrofinansirovaniya-subektov-malogo-i-srednego-predprinimatelstva/
https://moneyman.ru/ooo-mkk-partner-invest/;https://moneyman.ru/mfo/ooo-mkk-partner-invest/
https://moneyman.ru/mikrofinansovaya-organizatsiya-finans-invest/;https://moneyman.ru/mfo/mikrofinansovaya-organizatsiya-finans-invest/
https://moneyman.ru/mikrokreditnaya-kompaniya-skb-finans/;https://moneyman.ru/mfo/mikrokreditnaya-kompaniya-skb-finans/
https://moneyman.ru/mfo-sibiryak/;https://moneyman.ru/mfo/mfo-sibiryak/
https://moneyman.ru/mfo-fast-finans/;https://moneyman.ru/mfo/mfo-fast-finans/
https://moneyman.ru/avtonomnaya-nekommercheskaya-organizatsiya-fond-garantij-i-razvitiya-predprinimatelstva-pskovskoj-oblasti/;https://moneyman.ru/mfo/avtonomnaya-nekommercheskaya-organizatsiya-fond-garantij-i-razvitiya-predprinimatelstva-pskovskoj-oblasti/
https://moneyman.ru/mikrokreditnaya-kompaniya-dengi-ryadom/;https://moneyman.ru/mfo/mikrokreditnaya-kompaniya-dengi-ryadom/
https://moneyman.ru/mfo-skatt/;https://moneyman.ru/mfo/mfo-skatt/
https://moneyman.ru/mikrokreditnaya-kompaniya-lider-kapital/;https://moneyman.ru/mfo/mikrokreditnaya-kompaniya-lider-kapital/
https://moneyman.ru/mikrofinansovaya-organizatsiya-dengi-v-dolg/;https://moneyman.ru/mfo/mikrofinansovaya-organizatsiya-dengi-v-dolg/
https://moneyman.ru/apeks-grupp/;https://moneyman.ru/mfo/apeks-grupp/
https://moneyman.ru/dengiaktiv/;https://moneyman.ru/mfo/dengiaktiv/
https://moneyman.ru/da-nk/;https://moneyman.ru/mfo/da-nk/
https://moneyman.ru/ekspress-dengi/;https://moneyman.ru/mfo/ekspress-dengi/
https://moneyman.ru/vyruchajka/;https://moneyman.ru/mfo/vyruchajka/
https://moneyman.ru/dom-deneg/;https://moneyman.ru/mfo/dom-deneg/
https://moneyman.ru/servis-kredit/;https://moneyman.ru/mfo/servis-kredit/
https://moneyman.ru/mkk-zolotoff/;https://moneyman.ru/mfo/mkk-zolotoff/
https://moneyman.ru/sibirskij-zalogovyj-tsentr/;https://moneyman.ru/mfo/sibirskij-zalogovyj-tsentr/
https://moneyman.ru/mfo/joymoney/;https://moneyman.ru/mikrozajmy/zaym-na-kartu/
